{
  "robot_root_name": "base_link",
  "human_root_name": "pelvis",
  "ground_height": 0.0,
  "human_height_assumption": 1.8,
  "use_ik_match_table1": true,
  "use_ik_match_table2": true,
  "human_scale_table": {
    "pelvis": 1.163702944675124,
    "spine1": 1.163702944675124,
    "left_hip": 2.4962565697819357,
    "right_hip": 2.4962565697819357,
    "left_knee": 0.9469346325081516,
    "right_knee": 0.9469346325081516,
    "left_ankle": 0.8788840167493706,
    "right_ankle": 0.8788840167493706,
    "left_shoulder": 0.7375076879937965,
    "right_shoulder": 0.7375076879937965,
    "left_elbow": 0.8588943208556578,
    "right_elbow": 0.8588943208556578,
    "left_wrist": 0.729554195001901,
    "right_wrist": 0.729554195001901
  },
  "ik_match_table1": {
    "base_link": [
      "pelvis",
      100,
      10,
      [
        0.0,
        0.0,
        0.0
      ],
      [
        -0.4999999890721525,
        0.5000000109278475,
        0.5000000109278473,
        0.4999999890721523
      ]
    ],
    "left_hip_yaw_link": [
      "left_hip",
      0,
      10,
      [
        0.11819862430709141,
        0.0008782773722010095,
        -0.04576749878417242
      ],
      [
        0.5000000115425678,
        0.4999999896869851,
        -0.49999998845731736,
        0.5000000103131292
      ]
    ],
    "left_knee_link": [
      "left_knee",
      0,
      10,
      [
        0.06626615196526105,
        0.0770802494871265,
        0.015143639658562467
      ],
      [
        0.7070641917469636,
        -0.007760797540704301,
        -0.7070641900082191,
        0.007760797559950738
      ]
    ],
    "left_ankle_pitch_link": [
      "left_ankle",
      0,
      10,
      [
        0.10140682823027102,
        -0.07864016886124256,
        0.06530405019101522
      ],
      [
        3.61397994863566e-08,
        0.7071067820558671,
        3.0240246418067333e-09,
        0.7071067803172272
      ]
    ],
    "right_hip_yaw_link": [
      "right_hip",
      0,
      10,
      [
        0.10227792649921545,
        -0.007384217568328288,
        -0.0702277687704512
      ],
      [
        0.500000011544756,
        0.4999999896890617,
        -0.4999999884552445,
        0.5000000103109373
      ]
    ],
    "right_knee_link": [
      "right_knee",
      0,
      10,
      [
        0.06371209981429796,
        -0.07432448110716784,
        0.0047722734724430955
      ],
      [
        0.007760766633993943,
        -0.7070641120891883,
        0.007760766653142348,
        -0.7070642703444547
      ]
    ],
    "right_ankle_pitch_link": [
      "right_ankle",
      0,
      10,
      [
        0.10114153712920777,
        -0.08447886236068196,
        -0.051697486159698845
      ],
      [
        -2.8762707326990267e-08,
        -0.707106702063778,
        6.109293237965829e-09,
        -0.7071068603093076
      ]
    ],
    "waist_yaw_link": [
      "spine1",
      0,
      10,
      [
        0.08433678691266167,
        -0.0027002154382228458,
        0.0027107883116033785
      ],
      [
        0.5000000109278194,
        0.4999999890721804,
        -0.4999999890721245,
        0.5000000109278754
      ]
    ],
    "left_shoulder_yaw_link": [
      "left_shoulder",
      0,
      10,
      [
        0.05926455647052017,
        -0.02570880074816303,
        0.14165400794273092
      ],
      [
        1.0845067384135376e-06,
        0.7071031550468582,
        4.714587448328977e-06,
        0.707110407291093
      ]
    ],
    "left_elbow_link": [
      "left_elbow",
      0,
      10,
      [
        0.04629048115813326,
        -0.1082073266956049,
        0.06212549697750245
      ],
      [
        0.7071038816220878,
        -0.7071096807160215,
        -5.425708099834504e-06,
        -1.7956275167523788e-06
      ]
    ],
    "left_wrist_link": [
      "left_wrist",
      0,
      10,
      [
        -0.06299079695812321,
        -0.0866438416555394,
        0.02172173418779943
      ],
      [
        0.5000017971812183,
        -0.5000007696488409,
        0.4999941240711822,
        -0.5000033090494602
      ]
    ],
    "right_shoulder_yaw_link": [
      "right_shoulder",
      0,
      10,
      [
        0.059418579875792174,
        0.02640933745464497,
        0.14367586128618573
      ],
      [
        0.7071101566551,
        1.0063789383507606e-06,
        -0.7071034056853028,
        -4.736379045744422e-06
      ]
    ],
    "right_elbow_link": [
      "right_elbow",
      0,
      10,
      [
        0.03500686299085737,
        0.09812131757780304,
        0.03898908315350522
      ],
      [
        -1.4950304409207695e-06,
        5.22503067389359e-06,
        0.7071039097910715,
        0.7071096525494787
      ]
    ],
    "right_wrist_link": [
      "right_wrist",
      0,
      10,
      [
        0.08494921133688356,
        0.0605520470340722,
        0.01725972522767971
      ],
      [
        0.7071101412008325,
        1.006379087231668e-06,
        -0.7071034211397176,
        -4.73637932008053e-06
      ]
    ]
  },
  "ik_match_table2": {
    "base_link": [
      "pelvis",
      100,
      10,
      [
        0.0,
        0.0,
        0.0
      ],
      [
        -0.4999999890721525,
        0.5000000109278475,
        0.5000000109278473,
        0.4999999890721523
      ]
    ],
    "left_hip_yaw_link": [
      "left_hip",
      0,
      10,
      [
        0.11819862430709141,
        0.0008782773722010095,
        -0.04576749878417242
      ],
      [
        0.5000000115425678,
        0.4999999896869851,
        -0.49999998845731736,
        0.5000000103131292
      ]
    ],
    "left_knee_link": [
      "left_knee",
      0,
      10,
      [
        0.06626615196526105,
        0.0770802494871265,
        0.015143639658562467
      ],
      [
        0.7070641917469636,
        -0.007760797540704301,
        -0.7070641900082191,
        0.007760797559950738
      ]
    ],
    "left_ankle_pitch_link": [
      "left_ankle",
      0,
      10,
      [
        0.10140682823027102,
        -0.07864016886124256,
        0.06530405019101522
      ],
      [
        3.61397994863566e-08,
        0.7071067820558671,
        3.0240246418067333e-09,
        0.7071067803172272
      ]
    ],
    "right_hip_yaw_link": [
      "right_hip",
      0,
      10,
      [
        0.10227792649921545,
        -0.007384217568328288,
        -0.0702277687704512
      ],
      [
        0.500000011544756,
        0.4999999896890617,
        -0.4999999884552445,
        0.5000000103109373
      ]
    ],
    "right_knee_link": [
      "right_knee",
      0,
      10,
      [
        0.06371209981429796,
        -0.07432448110716784,
        0.0047722734724430955
      ],
      [
        0.007760766633993943,
        -0.7070641120891883,
        0.007760766653142348,
        -0.7070642703444547
      ]
    ],
    "right_ankle_pitch_link": [
      "right_ankle",
      0,
      10,
      [
        0.10114153712920777,
        -0.08447886236068196,
        -0.051697486159698845
      ],
      [
        -2.8762707326990267e-08,
        -0.707106702063778,
        6.109293237965829e-09,
        -0.7071068603093076
      ]
    ],
    "waist_yaw_link": [
      "spine1",
      0,
      10,
      [
        0.08433678691266167,
        -0.0027002154382228458,
        0.0027107883116033785
      ],
      [
        0.5000000109278194,
        0.4999999890721804,
        -0.4999999890721245,
        0.5000000109278754
      ]
    ],
    "left_shoulder_yaw_link": [
      "left_shoulder",
      0,
      10,
      [
        0.05926455647052017,
        -0.02570880074816303,
        0.14165400794273092
      ],
      [
        1.0845067384135376e-06,
        0.7071031550468582,
        4.714587448328977e-06,
        0.707110407291093
      ]
    ],